engine,device,samples,runs,total_sec,samples_per_sec,ms_per_sample,note
pytorch,cpu,6000,3,7.41406362503767,809.2727960598685,1.2356772708396118,
pytorch,mps,6000,3,5.374733665958047,1116.3343847160656,0.8957889443263412,
pytorch_dynamic_int8,cpu,6000,3,9.903582874918357,605.8413481039772,1.650597145819726,
pytorch,cpu,6000,3,3.3639367499854416,1783.6244988928424,0.5606561249975736,max_len=128
